category,year_month,count
ARTS,2014-04,53
ARTS,2014-05,98
ARTS,2014-06,77
ARTS,2014-07,98
ARTS,2014-08,103
ARTS,2014-09,94
ARTS,2014-10,98
ARTS,2014-11,90
ARTS,2014-12,90
ARTS,2015-01,79
ARTS,2015-02,94
ARTS,2015-03,112
ARTS,2015-04,106
ARTS,2015-05,91
ARTS,2015-06,75
ARTS,2015-07,20
ARTS,2015-08,7
ARTS,2015-09,8
ARTS,2015-10,10
ARTS,2015-11,4
ARTS,2015-12,12
ARTS,2016-01,10
ARTS,2016-02,3
ARTS,2016-03,5
ARTS,2016-04,10
ARTS,2016-05,15
ARTS,2016-06,10
ARTS,2016-07,10
ARTS,2016-08,4
ARTS,2016-09,2
ARTS,2016-10,5
ARTS,2016-11,4
ARTS,2016-12,9
ARTS,2017-01,3
ARTS & CULTURE,2015-07,57
ARTS & CULTURE,2015-08,31
ARTS & CULTURE,2015-09,20
ARTS & CULTURE,2015-10,31
ARTS & CULTURE,2015-11,27
ARTS & CULTURE,2015-12,41
ARTS & CULTURE,2016-01,37
ARTS & CULTURE,2016-02,32
ARTS & CULTURE,2016-03,43
ARTS & CULTURE,2016-04,34
ARTS & CULTURE,2016-05,39
ARTS & CULTURE,2016-06,48
ARTS & CULTURE,2016-07,46
ARTS & CULTURE,2016-08,63
ARTS & CULTURE,2016-09,51
ARTS & CULTURE,2016-10,70
ARTS & CULTURE,2016-11,63
ARTS & CULTURE,2016-12,70
ARTS & CULTURE,2017-01,80
ARTS & CULTURE,2017-02,62
ARTS & CULTURE,2017-03,83
ARTS & CULTURE,2017-04,71
ARTS & CULTURE,2017-05,68
ARTS & CULTURE,2017-06,54
ARTS & CULTURE,2017-07,11
ARTS & CULTURE,2017-08,18
ARTS & CULTURE,2017-09,19
ARTS & CULTURE,2017-10,21
ARTS & CULTURE,2017-11,15
ARTS & CULTURE,2017-12,21
ARTS & CULTURE,2018-01,13
BLACK VOICES,2012-01,9
BLACK VOICES,2012-02,35
BLACK VOICES,2012-03,32
BLACK VOICES,2012-04,36
BLACK VOICES,2012-05,28
BLACK VOICES,2012-06,25
BLACK VOICES,2012-07,29
BLACK VOICES,2012-08,20
BLACK VOICES,2012-09,20
BLACK VOICES,2012-10,20
BLACK VOICES,2012-11,24
BLACK VOICES,2012-12,29
BLACK VOICES,2013-01,50
BLACK VOICES,2013-02,29
BLACK VOICES,2013-03,27
BLACK VOICES,2013-04,13
BLACK VOICES,2013-05,25
BLACK VOICES,2013-06,16
BLACK VOICES,2013-07,49
BLACK VOICES,2013-08,19
BLACK VOICES,2013-09,28
BLACK VOICES,2013-10,20
BLACK VOICES,2013-11,28
BLACK VOICES,2013-12,16
BLACK VOICES,2014-01,26
BLACK VOICES,2014-02,7
BLACK VOICES,2014-03,9
BLACK VOICES,2014-04,14
BLACK VOICES,2014-05,39
BLACK VOICES,2014-06,33
BLACK VOICES,2014-07,30
BLACK VOICES,2014-08,66
BLACK VOICES,2014-09,42
BLACK VOICES,2014-10,27
BLACK VOICES,2014-11,50
BLACK VOICES,2014-12,81
BLACK VOICES,2015-01,56
BLACK VOICES,2015-02,73
BLACK VOICES,2015-03,60
BLACK VOICES,2015-04,48
BLACK VOICES,2015-05,47
BLACK VOICES,2015-06,63
BLACK VOICES,2015-07,80
BLACK VOICES,2015-08,97
BLACK VOICES,2015-09,93
BLACK VOICES,2015-10,120
BLACK VOICES,2015-11,117
BLACK VOICES,2015-12,104
BLACK VOICES,2016-01,122
BLACK VOICES,2016-02,94
BLACK VOICES,2016-03,108
BLACK VOICES,2016-04,88
BLACK VOICES,2016-05,86
BLACK VOICES,2016-06,111
BLACK VOICES,2016-07,123
BLACK VOICES,2016-08,103
BLACK VOICES,2016-09,115
BLACK VOICES,2016-10,65
BLACK VOICES,2016-11,67
BLACK VOICES,2016-12,68
BLACK VOICES,2017-01,75
BLACK VOICES,2017-02,77
BLACK VOICES,2017-03,92
BLACK VOICES,2017-04,85
BLACK VOICES,2017-05,108
BLACK VOICES,2017-06,94
BLACK VOICES,2017-07,71
BLACK VOICES,2017-08,95
BLACK VOICES,2017-09,89
BLACK VOICES,2017-10,65
BLACK VOICES,2017-11,63
BLACK VOICES,2017-12,47
BLACK VOICES,2018-01,69
BLACK VOICES,2018-02,87
BLACK VOICES,2018-03,98
BLACK VOICES,2018-04,79
BLACK VOICES,2018-05,75
BLACK VOICES,2018-06,3
BLACK VOICES,2018-09,1
BLACK VOICES,2018-10,1
BLACK VOICES,2018-11,4
BLACK VOICES,2018-12,1
BLACK VOICES,2019-01,5
BLACK VOICES,2019-02,2
BLACK VOICES,2019-03,6
BLACK VOICES,2019-05,3
BLACK VOICES,2019-09,1
BLACK VOICES,2019-10,4
BLACK VOICES,2019-11,1
BLACK VOICES,2019-12,1
BLACK VOICES,2020-03,1
BLACK VOICES,2020-05,2
BLACK VOICES,2020-06,1
BLACK VOICES,2020-07,4
BLACK VOICES,2020-08,1
BLACK VOICES,2020-09,2
BLACK VOICES,2020-11,1
BLACK VOICES,2020-12,1
BLACK VOICES,2021-01,1
BLACK VOICES,2021-04,2
BLACK VOICES,2021-10,1
BLACK VOICES,2021-12,1
BLACK VOICES,2022-01,1
BLACK VOICES,2022-06,3
BUSINESS,2012-01,12
BUSINESS,2012-02,66
BUSINESS,2012-03,52
BUSINESS,2012-04,51
BUSINESS,2012-05,60
BUSINESS,2012-06,55
BUSINESS,2012-07,60
BUSINESS,2012-08,37
BUSINESS,2012-09,83
BUSINESS,2012-10,48
BUSINESS,2012-11,75
BUSINESS,2012-12,80
BUSINESS,2013-01,78
BUSINESS,2013-02,100
BUSINESS,2013-03,73
BUSINESS,2013-04,71
BUSINESS,2013-05,78
BUSINESS,2013-06,64
BUSINESS,2013-07,80
BUSINESS,2013-08,52
BUSINESS,2013-09,65
BUSINESS,2013-10,43
BUSINESS,2013-11,83
BUSINESS,2013-12,59
BUSINESS,2014-01,71
BUSINESS,2014-02,41
BUSINESS,2014-03,35
BUSINESS,2014-04,76
BUSINESS,2014-05,138
BUSINESS,2014-06,171
BUSINESS,2014-07,153
BUSINESS,2014-08,147
BUSINESS,2014-09,136
BUSINESS,2014-10,169
BUSINESS,2014-11,160
BUSINESS,2014-12,151
BUSINESS,2015-01,182
BUSINESS,2015-02,144
BUSINESS,2015-03,173
BUSINESS,2015-04,177
BUSINESS,2015-05,193
BUSINESS,2015-06,160
BUSINESS,2015-07,91
BUSINESS,2015-08,68
BUSINESS,2015-09,105
BUSINESS,2015-10,88
BUSINESS,2015-11,75
BUSINESS,2015-12,80
BUSINESS,2016-01,106
BUSINESS,2016-02,62
BUSINESS,2016-03,81
BUSINESS,2016-04,120
BUSINESS,2016-05,103
BUSINESS,2016-06,102
BUSINESS,2016-07,80
BUSINESS,2016-08,62
BUSINESS,2016-09,56
BUSINESS,2016-10,59
BUSINESS,2016-11,52
BUSINESS,2016-12,53
BUSINESS,2017-01,28
BUSINESS,2017-02,37
BUSINESS,2017-03,29
BUSINESS,2017-04,42
BUSINESS,2017-05,38
BUSINESS,2017-06,47
BUSINESS,2017-07,29
BUSINESS,2017-08,43
BUSINESS,2017-09,23
BUSINESS,2017-10,29
BUSINESS,2017-11,22
BUSINESS,2017-12,39
BUSINESS,2018-01,17
BUSINESS,2018-02,21
BUSINESS,2018-03,27
BUSINESS,2018-04,11
BUSINESS,2018-05,10
BUSINESS,2018-06,1
BUSINESS,2018-07,1
BUSINESS,2018-09,1
BUSINESS,2018-10,1
BUSINESS,2018-11,1
BUSINESS,2018-12,1
BUSINESS,2019-01,1
BUSINESS,2019-02,5
BUSINESS,2019-12,1
BUSINESS,2020-03,3
BUSINESS,2020-04,3
BUSINESS,2020-05,1
BUSINESS,2020-07,4
BUSINESS,2020-08,3
BUSINESS,2020-09,2
BUSINESS,2020-10,1
BUSINESS,2020-12,1
BUSINESS,2021-01,3
BUSINESS,2021-04,1
BUSINESS,2021-10,2
BUSINESS,2021-11,1
BUSINESS,2021-12,2
BUSINESS,2022-01,1
BUSINESS,2022-02,2
BUSINESS,2022-03,4
BUSINESS,2022-04,3
BUSINESS,2022-05,3
BUSINESS,2022-07,1
BUSINESS,2022-08,1
COLLEGE,2014-04,25
COLLEGE,2014-05,51
COLLEGE,2014-06,34
COLLEGE,2014-07,48
COLLEGE,2014-08,53
COLLEGE,2014-09,40
COLLEGE,2014-10,43
COLLEGE,2014-11,45
COLLEGE,2014-12,41
COLLEGE,2015-01,49
COLLEGE,2015-02,56
COLLEGE,2015-03,47
COLLEGE,2015-04,47
COLLEGE,2015-05,63
COLLEGE,2015-06,41
COLLEGE,2015-07,34
COLLEGE,2015-08,48
COLLEGE,2015-09,30
COLLEGE,2015-10,35
COLLEGE,2015-11,55
COLLEGE,2015-12,19
COLLEGE,2016-01,26
COLLEGE,2016-02,17
COLLEGE,2016-03,8
COLLEGE,2016-04,25
COLLEGE,2016-05,30
COLLEGE,2016-06,26
COLLEGE,2016-07,15
COLLEGE,2016-08,15
COLLEGE,2016-09,3
COLLEGE,2016-10,7
COLLEGE,2016-11,5
COLLEGE,2016-12,5
COLLEGE,2017-01,4
COLLEGE,2017-02,3
COLLEGE,2017-03,3
COLLEGE,2017-04,6
COLLEGE,2017-05,9
COLLEGE,2017-06,9
COLLEGE,2017-07,5
COLLEGE,2017-08,6
COLLEGE,2017-09,7
COLLEGE,2017-10,3
COLLEGE,2017-12,2
COLLEGE,2018-02,1
COMEDY,2012-01,11
COMEDY,2012-02,53
COMEDY,2012-03,44
COMEDY,2012-04,44
COMEDY,2012-05,51
COMEDY,2012-06,46
COMEDY,2012-07,47
COMEDY,2012-08,43
COMEDY,2012-09,69
COMEDY,2012-10,70
COMEDY,2012-11,66
COMEDY,2012-12,60
COMEDY,2013-01,54
COMEDY,2013-02,49
COMEDY,2013-03,50
COMEDY,2013-04,28
COMEDY,2013-05,41
COMEDY,2013-06,37
COMEDY,2013-07,41
COMEDY,2013-08,34
COMEDY,2013-09,29
COMEDY,2013-10,33
COMEDY,2013-11,42
COMEDY,2013-12,49
COMEDY,2014-01,39
COMEDY,2014-02,32
COMEDY,2014-03,30
COMEDY,2014-04,26
COMEDY,2014-05,55
COMEDY,2014-06,48
COMEDY,2014-07,80
COMEDY,2014-08,84
COMEDY,2014-09,95
COMEDY,2014-10,65
COMEDY,2014-11,61
COMEDY,2014-12,75
COMEDY,2015-01,64
COMEDY,2015-02,58
COMEDY,2015-03,73
COMEDY,2015-04,58
COMEDY,2015-05,41
COMEDY,2015-06,57
COMEDY,2015-07,96
COMEDY,2015-08,79
COMEDY,2015-09,76
COMEDY,2015-10,66
COMEDY,2015-11,76
COMEDY,2015-12,67
COMEDY,2016-01,63
COMEDY,2016-02,47
COMEDY,2016-03,78
COMEDY,2016-04,80
COMEDY,2016-05,69
COMEDY,2016-06,63
COMEDY,2016-07,63
COMEDY,2016-08,77
COMEDY,2016-09,87
COMEDY,2016-10,129
COMEDY,2016-11,124
COMEDY,2016-12,109
COMEDY,2017-01,105
COMEDY,2017-02,141
COMEDY,2017-03,141
COMEDY,2017-04,120
COMEDY,2017-05,103
COMEDY,2017-06,59
COMEDY,2017-07,65
COMEDY,2017-08,72
COMEDY,2017-09,72
COMEDY,2017-10,83
COMEDY,2017-11,100
COMEDY,2017-12,90
COMEDY,2018-01,92
COMEDY,2018-02,69
COMEDY,2018-03,96
COMEDY,2018-04,85
COMEDY,2018-05,101
COMEDY,2018-06,1
COMEDY,2018-09,12
COMEDY,2018-10,15
COMEDY,2018-11,23
COMEDY,2018-12,19
COMEDY,2019-01,30
COMEDY,2019-02,24
COMEDY,2019-03,3
COMEDY,2019-05,1
COMEDY,2019-09,3
COMEDY,2019-10,22
COMEDY,2019-11,17
COMEDY,2019-12,5
COMEDY,2020-04,2
COMEDY,2020-10,1
COMEDY,2020-11,5
COMEDY,2020-12,5
COMEDY,2021-01,1
COMEDY,2021-03,1
COMEDY,2021-04,2
COMEDY,2021-05,7
COMEDY,2021-10,7
COMEDY,2021-11,1
COMEDY,2021-12,3
COMEDY,2022-01,3
COMEDY,2022-03,2
COMEDY,2022-04,5
COMEDY,2022-06,3
COMEDY,2022-07,1
COMEDY,2022-09,1
CRIME,2012-02,15
CRIME,2012-03,14
CRIME,2012-04,8
CRIME,2012-05,15
CRIME,2012-06,25
CRIME,2012-07,18
CRIME,2012-08,21
CRIME,2012-09,21
CRIME,2012-10,24
CRIME,2012-11,11
CRIME,2012-12,27
CRIME,2013-01,22
CRIME,2013-02,15
CRIME,2013-03,11
CRIME,2013-04,23
CRIME,2013-05,19
CRIME,2013-06,12
CRIME,2013-07,28
CRIME,2013-08,11
CRIME,2013-09,14
CRIME,2013-10,12
CRIME,2013-11,29
CRIME,2013-12,40
CRIME,2014-01,21
CRIME,2014-02,21
CRIME,2014-03,23
CRIME,2014-04,29
CRIME,2014-05,47
CRIME,2014-06,46
CRIME,2014-07,63
CRIME,2014-08,55
CRIME,2014-09,64
CRIME,2014-10,55
CRIME,2014-11,53
CRIME,2014-12,71
CRIME,2015-01,71
CRIME,2015-02,46
CRIME,2015-03,72
CRIME,2015-04,60
CRIME,2015-05,54
CRIME,2015-06,66
CRIME,2015-07,99
CRIME,2015-08,167
CRIME,2015-09,82
CRIME,2015-10,62
CRIME,2015-11,95
CRIME,2015-12,123
CRIME,2016-01,96
CRIME,2016-02,69
CRIME,2016-03,70
CRIME,2016-04,67
CRIME,2016-05,47
CRIME,2016-06,77
CRIME,2016-07,79
CRIME,2016-08,50
CRIME,2016-09,77
CRIME,2016-10,45
CRIME,2016-11,70
CRIME,2016-12,55
CRIME,2017-01,58
CRIME,2017-02,54
CRIME,2017-03,47
CRIME,2017-04,50
CRIME,2017-05,32
CRIME,2017-06,21
CRIME,2017-07,22
CRIME,2017-08,26
CRIME,2017-09,20
CRIME,2017-10,44
CRIME,2017-11,40
CRIME,2017-12,35
CRIME,2018-01,28
CRIME,2018-02,21
CRIME,2018-03,44
CRIME,2018-04,43
CRIME,2018-05,38
CRIME,2018-09,5
CRIME,2018-10,10
CRIME,2018-11,5
CRIME,2018-12,6
CRIME,2019-01,4
CRIME,2019-09,3
CRIME,2019-10,20
CRIME,2019-11,7
CRIME,2019-12,1
CRIME,2020-03,1
CRIME,2020-04,1
CRIME,2020-05,2
CRIME,2020-06,2
CRIME,2020-07,1
CRIME,2020-08,2
CRIME,2020-09,2
CRIME,2020-10,1
CRIME,2020-11,1
CRIME,2020-12,4
CRIME,2021-01,2
CRIME,2021-03,1
CRIME,2021-04,10
CRIME,2021-05,3
CRIME,2021-06,1
CRIME,2021-07,1
CRIME,2021-08,1
CRIME,2021-09,6
CRIME,2021-10,3
CRIME,2021-11,6
CRIME,2021-12,7
CRIME,2022-01,7
CRIME,2022-02,3
CRIME,2022-03,4
CRIME,2022-04,4
CRIME,2022-05,9
CRIME,2022-06,3
CRIME,2022-07,2
CRIME,2022-08,5
CRIME,2022-09,1
CULTURE & ARTS,2012-01,3
CULTURE & ARTS,2012-02,25
CULTURE & ARTS,2012-03,21
CULTURE & ARTS,2012-04,25
CULTURE & ARTS,2012-05,27
CULTURE & ARTS,2012-06,31
CULTURE & ARTS,2012-07,33
CULTURE & ARTS,2012-08,30
CULTURE & ARTS,2012-09,36
CULTURE & ARTS,2012-10,37
CULTURE & ARTS,2012-11,38
CULTURE & ARTS,2012-12,37
CULTURE & ARTS,2013-01,40
CULTURE & ARTS,2013-02,41
CULTURE & ARTS,2013-03,68
CULTURE & ARTS,2013-04,63
CULTURE & ARTS,2013-05,68
CULTURE & ARTS,2013-06,35
CULTURE & ARTS,2013-07,46
CULTURE & ARTS,2013-08,36
CULTURE & ARTS,2013-09,38
CULTURE & ARTS,2013-10,32
CULTURE & ARTS,2013-11,54
CULTURE & ARTS,2013-12,37
CULTURE & ARTS,2014-01,30
CULTURE & ARTS,2014-02,32
CULTURE & ARTS,2014-03,49
CULTURE & ARTS,2014-04,18
CULTURE & ARTS,2018-10,1
CULTURE & ARTS,2018-11,1
CULTURE & ARTS,2019-01,1
CULTURE & ARTS,2019-02,2
CULTURE & ARTS,2019-09,1
CULTURE & ARTS,2020-04,2
CULTURE & ARTS,2020-05,1
CULTURE & ARTS,2020-06,1
CULTURE & ARTS,2020-08,1
CULTURE & ARTS,2020-10,1
CULTURE & ARTS,2020-11,3
CULTURE & ARTS,2020-12,3
CULTURE & ARTS,2021-05,1
CULTURE & ARTS,2021-07,1
CULTURE & ARTS,2021-09,1
CULTURE & ARTS,2022-05,9
CULTURE & ARTS,2022-06,4
CULTURE & ARTS,2022-07,2
CULTURE & ARTS,2022-08,3
CULTURE & ARTS,2022-09,5
DIVORCE,2012-01,13
DIVORCE,2012-02,126
DIVORCE,2012-03,127
DIVORCE,2012-04,127
DIVORCE,2012-05,133
DIVORCE,2012-06,128
DIVORCE,2012-07,91
DIVORCE,2012-08,101
DIVORCE,2012-09,75
DIVORCE,2012-10,115
DIVORCE,2012-11,110
DIVORCE,2012-12,110
DIVORCE,2013-01,122
DIVORCE,2013-02,91
DIVORCE,2013-03,110
DIVORCE,2013-04,166
DIVORCE,2013-05,199
DIVORCE,2013-06,212
DIVORCE,2013-07,178
DIVORCE,2013-08,222
DIVORCE,2013-09,135
DIVORCE,2013-10,121
DIVORCE,2013-11,119
DIVORCE,2013-12,97
DIVORCE,2014-01,115
DIVORCE,2014-02,97
DIVORCE,2014-03,124
DIVORCE,2014-04,62
EDUCATION,2014-04,19
EDUCATION,2014-05,47
EDUCATION,2014-06,27
EDUCATION,2014-07,47
EDUCATION,2014-08,34
EDUCATION,2014-09,34
EDUCATION,2014-10,35
EDUCATION,2014-11,36
EDUCATION,2014-12,44
EDUCATION,2015-01,38
EDUCATION,2015-02,35
EDUCATION,2015-03,36
EDUCATION,2015-04,54
EDUCATION,2015-05,62
EDUCATION,2015-06,57
EDUCATION,2015-07,12
EDUCATION,2015-08,3
EDUCATION,2015-09,8
EDUCATION,2015-10,5
EDUCATION,2015-11,6
EDUCATION,2015-12,4
EDUCATION,2016-01,5
EDUCATION,2016-02,2
EDUCATION,2016-03,5
EDUCATION,2016-04,11
EDUCATION,2016-05,9
EDUCATION,2016-06,7
EDUCATION,2016-07,8
EDUCATION,2016-08,6
EDUCATION,2016-09,8
EDUCATION,2016-10,9
EDUCATION,2016-11,9
EDUCATION,2016-12,19
EDUCATION,2017-01,13
EDUCATION,2017-02,16
EDUCATION,2017-03,10
EDUCATION,2017-04,17
EDUCATION,2017-05,31
EDUCATION,2017-06,18
EDUCATION,2017-07,25
EDUCATION,2017-08,30
EDUCATION,2017-09,24
EDUCATION,2017-10,15
EDUCATION,2017-11,21
EDUCATION,2017-12,11
EDUCATION,2018-01,4
EDUCATION,2018-02,10
EDUCATION,2018-03,3
EDUCATION,2018-04,11
EDUCATION,2018-05,4
EDUCATION,2019-03,1
EDUCATION,2019-04,1
EDUCATION,2020-08,1
EDUCATION,2021-02,1
EDUCATION,2021-06,1
EDUCATION,2021-09,1
EDUCATION,2021-10,1
EDUCATION,2022-04,1
EDUCATION,2022-08,1
EDUCATION,2022-09,1
ENTERTAINMENT,2012-01,5
ENTERTAINMENT,2012-02,50
ENTERTAINMENT,2012-03,36
ENTERTAINMENT,2012-04,49
ENTERTAINMENT,2012-05,43
ENTERTAINMENT,2012-06,49
ENTERTAINMENT,2012-07,69
ENTERTAINMENT,2012-08,42
ENTERTAINMENT,2012-09,49
ENTERTAINMENT,2012-10,55
ENTERTAINMENT,2012-11,64
ENTERTAINMENT,2012-12,51
ENTERTAINMENT,2013-01,51
ENTERTAINMENT,2013-02,60
ENTERTAINMENT,2013-03,94
ENTERTAINMENT,2013-04,61
ENTERTAINMENT,2013-05,97
ENTERTAINMENT,2013-06,98
ENTERTAINMENT,2013-07,95
ENTERTAINMENT,2013-08,66
ENTERTAINMENT,2013-09,78
ENTERTAINMENT,2013-10,59
ENTERTAINMENT,2013-11,121
ENTERTAINMENT,2013-12,135
ENTERTAINMENT,2014-01,58
ENTERTAINMENT,2014-02,66
ENTERTAINMENT,2014-03,71
ENTERTAINMENT,2014-04,84
ENTERTAINMENT,2014-05,123
ENTERTAINMENT,2014-06,232
ENTERTAINMENT,2014-07,258
ENTERTAINMENT,2014-08,240
ENTERTAINMENT,2014-09,238
ENTERTAINMENT,2014-10,247
ENTERTAINMENT,2014-11,241
ENTERTAINMENT,2014-12,264
ENTERTAINMENT,2015-01,281
ENTERTAINMENT,2015-02,248
ENTERTAINMENT,2015-03,238
ENTERTAINMENT,2015-04,239
ENTERTAINMENT,2015-05,243
ENTERTAINMENT,2015-06,253
ENTERTAINMENT,2015-07,525
ENTERTAINMENT,2015-08,417
ENTERTAINMENT,2015-09,395
ENTERTAINMENT,2015-10,378
ENTERTAINMENT,2015-11,400
ENTERTAINMENT,2015-12,306
ENTERTAINMENT,2016-01,343
ENTERTAINMENT,2016-02,314
ENTERTAINMENT,2016-03,303
ENTERTAINMENT,2016-04,283
ENTERTAINMENT,2016-05,250
ENTERTAINMENT,2016-06,233
ENTERTAINMENT,2016-07,290
ENTERTAINMENT,2016-08,329
ENTERTAINMENT,2016-09,293
ENTERTAINMENT,2016-10,321
ENTERTAINMENT,2016-11,287
ENTERTAINMENT,2016-12,280
ENTERTAINMENT,2017-01,361
ENTERTAINMENT,2017-02,329
ENTERTAINMENT,2017-03,284
ENTERTAINMENT,2017-04,217
ENTERTAINMENT,2017-05,225
ENTERTAINMENT,2017-06,191
ENTERTAINMENT,2017-07,245
ENTERTAINMENT,2017-08,260
ENTERTAINMENT,2017-09,227
ENTERTAINMENT,2017-10,296
ENTERTAINMENT,2017-11,292
ENTERTAINMENT,2017-12,263
ENTERTAINMENT,2018-01,415
ENTERTAINMENT,2018-02,279
ENTERTAINMENT,2018-03,351
ENTERTAINMENT,2018-04,362
ENTERTAINMENT,2018-05,313
ENTERTAINMENT,2018-06,14
ENTERTAINMENT,2018-07,10
ENTERTAINMENT,2018-08,7
ENTERTAINMENT,2018-09,18
ENTERTAINMENT,2018-10,27
ENTERTAINMENT,2018-11,39
ENTERTAINMENT,2018-12,27
ENTERTAINMENT,2019-01,25
ENTERTAINMENT,2019-02,20
ENTERTAINMENT,2019-03,22
ENTERTAINMENT,2019-04,2
ENTERTAINMENT,2019-05,16
ENTERTAINMENT,2019-07,4
ENTERTAINMENT,2019-08,1
ENTERTAINMENT,2019-09,16
ENTERTAINMENT,2019-10,26
ENTERTAINMENT,2019-11,36
ENTERTAINMENT,2019-12,23
ENTERTAINMENT,2020-01,5
ENTERTAINMENT,2020-02,2
ENTERTAINMENT,2020-03,29
ENTERTAINMENT,2020-04,45
ENTERTAINMENT,2020-05,47
ENTERTAINMENT,2020-06,46
ENTERTAINMENT,2020-07,48
ENTERTAINMENT,2020-08,26
ENTERTAINMENT,2020-09,35
ENTERTAINMENT,2020-10,46
ENTERTAINMENT,2020-11,35
ENTERTAINMENT,2020-12,31
ENTERTAINMENT,2021-01,27
ENTERTAINMENT,2021-02,4
ENTERTAINMENT,2021-03,7
ENTERTAINMENT,2021-04,33
ENTERTAINMENT,2021-05,29
ENTERTAINMENT,2021-06,30
ENTERTAINMENT,2021-07,27
ENTERTAINMENT,2021-08,41
ENTERTAINMENT,2021-09,47
ENTERTAINMENT,2021-10,42
ENTERTAINMENT,2021-11,24
ENTERTAINMENT,2021-12,30
ENTERTAINMENT,2022-01,31
ENTERTAINMENT,2022-02,14
ENTERTAINMENT,2022-03,22
ENTERTAINMENT,2022-04,31
ENTERTAINMENT,2022-05,21
ENTERTAINMENT,2022-06,38
ENTERTAINMENT,2022-07,29
ENTERTAINMENT,2022-08,30
ENTERTAINMENT,2022-09,19
ENVIRONMENT,2012-01,9
ENVIRONMENT,2012-02,35
ENVIRONMENT,2012-03,56
ENVIRONMENT,2012-04,61
ENVIRONMENT,2012-05,38
ENVIRONMENT,2012-06,37
ENVIRONMENT,2012-07,52
ENVIRONMENT,2012-08,21
ENVIRONMENT,2012-09,47
ENVIRONMENT,2012-10,37
ENVIRONMENT,2012-11,49
ENVIRONMENT,2012-12,40
ENVIRONMENT,2013-01,38
ENVIRONMENT,2013-02,43
ENVIRONMENT,2013-03,50
ENVIRONMENT,2013-04,47
ENVIRONMENT,2013-05,52
ENVIRONMENT,2013-06,92
ENVIRONMENT,2013-07,53
ENVIRONMENT,2013-08,56
ENVIRONMENT,2013-09,61
ENVIRONMENT,2013-10,49
ENVIRONMENT,2013-11,66
ENVIRONMENT,2013-12,48
ENVIRONMENT,2014-01,57
ENVIRONMENT,2014-02,59
ENVIRONMENT,2014-03,53
ENVIRONMENT,2014-04,17
ENVIRONMENT,2018-07,4
ENVIRONMENT,2018-09,3
ENVIRONMENT,2018-10,4
ENVIRONMENT,2018-11,6
ENVIRONMENT,2018-12,3
ENVIRONMENT,2019-01,3
ENVIRONMENT,2019-02,5
ENVIRONMENT,2019-04,1
ENVIRONMENT,2019-09,2
ENVIRONMENT,2019-10,2
ENVIRONMENT,2019-11,3
ENVIRONMENT,2019-12,1
ENVIRONMENT,2020-01,1
ENVIRONMENT,2020-06,2
ENVIRONMENT,2020-07,3
ENVIRONMENT,2020-08,2
ENVIRONMENT,2020-09,1
ENVIRONMENT,2020-10,3
ENVIRONMENT,2020-11,2
ENVIRONMENT,2020-12,1
ENVIRONMENT,2021-02,1
ENVIRONMENT,2021-04,3
ENVIRONMENT,2021-05,1
ENVIRONMENT,2021-06,4
ENVIRONMENT,2021-07,8
ENVIRONMENT,2021-08,6
ENVIRONMENT,2021-09,5
ENVIRONMENT,2021-10,3
ENVIRONMENT,2021-11,4
ENVIRONMENT,2021-12,7
ENVIRONMENT,2022-01,1
ENVIRONMENT,2022-03,2
ENVIRONMENT,2022-04,4
ENVIRONMENT,2022-05,4
ENVIRONMENT,2022-06,5
ENVIRONMENT,2022-07,2
ENVIRONMENT,2022-08,3
ENVIRONMENT,2022-09,6
FIFTY,2014-04,31
FIFTY,2014-05,105
FIFTY,2014-06,82
FIFTY,2014-07,70
FIFTY,2014-08,66
FIFTY,2014-09,57
FIFTY,2014-10,88
FIFTY,2014-11,89
FIFTY,2014-12,79
FIFTY,2015-01,62
FIFTY,2015-02,71
FIFTY,2015-03,79
FIFTY,2015-04,67
FIFTY,2015-05,119
FIFTY,2015-06,74
FIFTY,2015-07,23
FIFTY,2015-08,13
FIFTY,2015-09,17
FIFTY,2015-10,15
FIFTY,2015-11,19
FIFTY,2015-12,18
FIFTY,2016-01,10
FIFTY,2016-02,10
FIFTY,2016-03,13
FIFTY,2016-04,8
FIFTY,2016-05,26
FIFTY,2016-06,23
FIFTY,2016-07,19
FIFTY,2016-08,11
FIFTY,2016-09,11
FIFTY,2016-10,10
FIFTY,2016-11,8
FIFTY,2016-12,6
FIFTY,2017-01,1
FIFTY,2017-02,1
FOOD & DRINK,2012-01,13
FOOD & DRINK,2012-02,124
FOOD & DRINK,2012-03,123
FOOD & DRINK,2012-04,114
FOOD & DRINK,2012-05,133
FOOD & DRINK,2012-06,130
FOOD & DRINK,2012-07,139
FOOD & DRINK,2012-08,171
FOOD & DRINK,2012-09,224
FOOD & DRINK,2012-10,265
FOOD & DRINK,2012-11,203
FOOD & DRINK,2012-12,184
FOOD & DRINK,2013-01,276
FOOD & DRINK,2013-02,306
FOOD & DRINK,2013-03,322
FOOD & DRINK,2013-04,278
FOOD & DRINK,2013-05,284
FOOD & DRINK,2013-06,246
FOOD & DRINK,2013-07,297
FOOD & DRINK,2013-08,318
FOOD & DRINK,2013-09,259
FOOD & DRINK,2013-10,320
FOOD & DRINK,2013-11,273
FOOD & DRINK,2013-12,241
FOOD & DRINK,2014-01,272
FOOD & DRINK,2014-02,260
FOOD & DRINK,2014-03,278
FOOD & DRINK,2014-04,173
FOOD & DRINK,2018-12,1
FOOD & DRINK,2019-02,2
FOOD & DRINK,2019-03,2
FOOD & DRINK,2019-12,2
FOOD & DRINK,2020-03,11
FOOD & DRINK,2020-04,11
FOOD & DRINK,2020-05,7
FOOD & DRINK,2020-06,7
FOOD & DRINK,2020-07,4
FOOD & DRINK,2020-08,4
FOOD & DRINK,2020-09,2
FOOD & DRINK,2020-10,1
FOOD & DRINK,2020-12,7
FOOD & DRINK,2021-03,1
FOOD & DRINK,2021-04,3
FOOD & DRINK,2021-05,1
FOOD & DRINK,2021-06,2
FOOD & DRINK,2021-07,5
FOOD & DRINK,2021-08,4
FOOD & DRINK,2021-09,4
FOOD & DRINK,2021-10,8
FOOD & DRINK,2021-11,4
FOOD & DRINK,2021-12,4
FOOD & DRINK,2022-01,2
FOOD & DRINK,2022-02,1
FOOD & DRINK,2022-05,4
FOOD & DRINK,2022-06,5
FOOD & DRINK,2022-07,3
FOOD & DRINK,2022-08,2
GOOD NEWS,2014-04,10
GOOD NEWS,2014-05,29
GOOD NEWS,2014-06,38
GOOD NEWS,2014-07,48
GOOD NEWS,2014-08,46
GOOD NEWS,2014-09,37
GOOD NEWS,2014-10,37
GOOD NEWS,2014-11,32
GOOD NEWS,2014-12,38
GOOD NEWS,2015-01,25
GOOD NEWS,2015-02,23
GOOD NEWS,2015-03,23
GOOD NEWS,2015-04,25
GOOD NEWS,2015-05,27
GOOD NEWS,2015-06,37
GOOD NEWS,2015-07,49
GOOD NEWS,2015-08,57
GOOD NEWS,2015-09,46
GOOD NEWS,2015-10,42
GOOD NEWS,2015-11,44
GOOD NEWS,2015-12,63
GOOD NEWS,2016-01,52
GOOD NEWS,2016-02,51
GOOD NEWS,2016-03,57
GOOD NEWS,2016-04,75
GOOD NEWS,2016-05,65
GOOD NEWS,2016-06,58
GOOD NEWS,2016-07,72
GOOD NEWS,2016-08,59
GOOD NEWS,2016-09,52
GOOD NEWS,2016-10,30
GOOD NEWS,2016-11,11
GOOD NEWS,2016-12,15
GOOD NEWS,2017-01,6
GOOD NEWS,2017-02,3
GOOD NEWS,2017-03,1
GOOD NEWS,2017-04,4
GOOD NEWS,2017-05,2
GOOD NEWS,2017-06,4
GOOD NEWS,2017-07,4
GOOD NEWS,2017-08,1
GREEN,2014-04,42
GREEN,2014-05,108
GREEN,2014-06,89
GREEN,2014-07,111
GREEN,2014-08,96
GREEN,2014-09,129
GREEN,2014-10,71
GREEN,2014-11,74
GREEN,2014-12,86
GREEN,2015-01,76
GREEN,2015-02,68
GREEN,2015-03,84
GREEN,2015-04,97
GREEN,2015-05,66
GREEN,2015-06,70
GREEN,2015-07,27
GREEN,2015-08,52
GREEN,2015-09,42
GREEN,2015-10,57
GREEN,2015-11,44
GREEN,2015-12,55
GREEN,2016-01,52
GREEN,2016-02,30
GREEN,2016-03,24
GREEN,2016-04,44
GREEN,2016-05,59
GREEN,2016-06,45
GREEN,2016-07,29
GREEN,2016-08,39
GREEN,2016-09,44
GREEN,2016-10,45
GREEN,2016-11,40
GREEN,2016-12,54
GREEN,2017-01,37
GREEN,2017-02,34
GREEN,2017-03,31
GREEN,2017-04,46
GREEN,2017-05,39
GREEN,2017-06,52
GREEN,2017-07,44
GREEN,2017-08,58
GREEN,2017-09,61
GREEN,2017-10,56
GREEN,2017-11,36
GREEN,2017-12,50
GREEN,2018-01,29
HEALTHY LIVING,2014-04,92
HEALTHY LIVING,2014-05,244
HEALTHY LIVING,2014-06,235
HEALTHY LIVING,2014-07,197
HEALTHY LIVING,2014-08,215
HEALTHY LIVING,2014-09,228
HEALTHY LIVING,2014-10,281
HEALTHY LIVING,2014-11,237
HEALTHY LIVING,2014-12,279
HEALTHY LIVING,2015-01,247
HEALTHY LIVING,2015-02,228
HEALTHY LIVING,2015-03,227
HEALTHY LIVING,2015-04,189
HEALTHY LIVING,2015-05,225
HEALTHY LIVING,2015-06,205
HEALTHY LIVING,2015-07,137
HEALTHY LIVING,2015-08,96
HEALTHY LIVING,2015-09,114
HEALTHY LIVING,2015-10,125
HEALTHY LIVING,2015-11,99
HEALTHY LIVING,2015-12,102
HEALTHY LIVING,2016-01,100
HEALTHY LIVING,2016-02,87
HEALTHY LIVING,2016-03,163
HEALTHY LIVING,2016-04,100
HEALTHY LIVING,2016-05,82
HEALTHY LIVING,2016-06,68
HEALTHY LIVING,2016-07,85
HEALTHY LIVING,2016-08,119
HEALTHY LIVING,2016-09,100
HEALTHY LIVING,2016-10,88
HEALTHY LIVING,2016-11,106
HEALTHY LIVING,2016-12,143
HEALTHY LIVING,2017-01,99
HEALTHY LIVING,2017-02,88
HEALTHY LIVING,2017-03,114
HEALTHY LIVING,2017-04,128
HEALTHY LIVING,2017-05,164
HEALTHY LIVING,2017-06,149
HEALTHY LIVING,2017-07,160
HEALTHY LIVING,2017-08,152
HEALTHY LIVING,2017-09,130
HEALTHY LIVING,2017-10,122
HEALTHY LIVING,2017-11,77
HEALTHY LIVING,2017-12,53
HEALTHY LIVING,2018-01,15
HOME & LIVING,2012-01,16
HOME & LIVING,2012-02,188
HOME & LIVING,2012-03,195
HOME & LIVING,2012-04,133
HOME & LIVING,2012-05,108
HOME & LIVING,2012-06,119
HOME & LIVING,2012-07,132
HOME & LIVING,2012-08,110
HOME & LIVING,2012-09,118
HOME & LIVING,2012-10,166
HOME & LIVING,2012-11,173
HOME & LIVING,2012-12,162
HOME & LIVING,2013-01,179
HOME & LIVING,2013-02,157
HOME & LIVING,2013-03,161
HOME & LIVING,2013-04,188
HOME & LIVING,2013-05,203
HOME & LIVING,2013-06,196
HOME & LIVING,2013-07,240
HOME & LIVING,2013-08,285
HOME & LIVING,2013-09,218
HOME & LIVING,2013-10,216
HOME & LIVING,2013-11,138
HOME & LIVING,2013-12,125
HOME & LIVING,2014-01,83
HOME & LIVING,2014-02,73
HOME & LIVING,2014-03,67
HOME & LIVING,2014-04,46
HOME & LIVING,2018-06,1
HOME & LIVING,2018-11,1
HOME & LIVING,2018-12,2
HOME & LIVING,2019-02,3
HOME & LIVING,2019-03,4
HOME & LIVING,2019-04,1
HOME & LIVING,2019-05,3
HOME & LIVING,2019-07,2
HOME & LIVING,2019-09,1
HOME & LIVING,2019-10,3
HOME & LIVING,2019-11,4
HOME & LIVING,2019-12,7
HOME & LIVING,2020-03,7
HOME & LIVING,2020-04,8
HOME & LIVING,2020-05,7
HOME & LIVING,2020-06,6
HOME & LIVING,2020-07,7
HOME & LIVING,2020-08,1
HOME & LIVING,2020-09,7
HOME & LIVING,2020-10,4
HOME & LIVING,2020-11,3
HOME & LIVING,2020-12,8
HOME & LIVING,2021-01,2
HOME & LIVING,2021-03,1
HOME & LIVING,2021-04,2
HOME & LIVING,2021-05,4
HOME & LIVING,2021-06,2
HOME & LIVING,2021-07,2
HOME & LIVING,2021-08,5
HOME & LIVING,2021-09,4
HOME & LIVING,2021-10,5
HOME & LIVING,2021-11,2
HOME & LIVING,2021-12,2
HOME & LIVING,2022-01,1
HOME & LIVING,2022-04,1
HOME & LIVING,2022-06,1
HOME & LIVING,2022-07,1
IMPACT,2012-01,10
IMPACT,2012-02,33
IMPACT,2012-03,25
IMPACT,2012-04,33
IMPACT,2012-05,44
IMPACT,2012-06,20
IMPACT,2012-07,22
IMPACT,2012-08,20
IMPACT,2012-09,26
IMPACT,2012-10,13
IMPACT,2012-11,39
IMPACT,2012-12,47
IMPACT,2013-01,37
IMPACT,2013-02,16
IMPACT,2013-03,33
IMPACT,2013-04,22
IMPACT,2013-05,34
IMPACT,2013-06,52
IMPACT,2013-07,37
IMPACT,2013-08,18
IMPACT,2013-09,32
IMPACT,2013-10,27
IMPACT,2013-11,53
IMPACT,2013-12,33
IMPACT,2014-01,41
IMPACT,2014-02,42
IMPACT,2014-03,35
IMPACT,2014-04,71
IMPACT,2014-05,109
IMPACT,2014-06,106
IMPACT,2014-07,99
IMPACT,2014-08,110
IMPACT,2014-09,107
IMPACT,2014-10,115
IMPACT,2014-11,131
IMPACT,2014-12,137
IMPACT,2015-01,101
IMPACT,2015-02,84
IMPACT,2015-03,96
IMPACT,2015-04,108
IMPACT,2015-05,133
IMPACT,2015-06,89
IMPACT,2015-07,38
IMPACT,2015-08,36
IMPACT,2015-09,25
IMPACT,2015-10,22
IMPACT,2015-11,23
IMPACT,2015-12,46
IMPACT,2016-01,27
IMPACT,2016-02,23
IMPACT,2016-03,32
IMPACT,2016-04,34
IMPACT,2016-05,45
IMPACT,2016-06,51
IMPACT,2016-07,47
IMPACT,2016-08,51
IMPACT,2016-09,44
IMPACT,2016-10,26
IMPACT,2016-11,21
IMPACT,2016-12,34
IMPACT,2017-01,11
IMPACT,2017-02,14
IMPACT,2017-03,15
IMPACT,2017-04,23
IMPACT,2017-05,26
IMPACT,2017-06,28
IMPACT,2017-07,19
IMPACT,2017-08,29
IMPACT,2017-09,49
IMPACT,2017-10,48
IMPACT,2017-11,38
IMPACT,2017-12,17
IMPACT,2018-01,14
IMPACT,2018-02,13
IMPACT,2018-03,18
IMPACT,2018-04,13
IMPACT,2018-05,19
IMPACT,2018-06,2
IMPACT,2018-10,1
IMPACT,2018-11,1
IMPACT,2018-12,1
IMPACT,2019-03,1
IMPACT,2019-09,1
IMPACT,2019-11,3
IMPACT,2020-04,7
IMPACT,2020-06,2
IMPACT,2020-07,3
IMPACT,2020-10,3
LATINO VOICES,2014-04,6
LATINO VOICES,2014-05,9
LATINO VOICES,2014-06,27
LATINO VOICES,2014-07,21
LATINO VOICES,2014-08,13
LATINO VOICES,2014-09,11
LATINO VOICES,2014-10,13
LATINO VOICES,2014-11,11
LATINO VOICES,2014-12,10
LATINO VOICES,2015-01,16
LATINO VOICES,2015-02,17
LATINO VOICES,2015-03,27
LATINO VOICES,2015-04,15
LATINO VOICES,2015-05,17
LATINO VOICES,2015-06,19
LATINO VOICES,2015-07,20
LATINO VOICES,2015-08,27
LATINO VOICES,2015-09,37
LATINO VOICES,2015-10,27
LATINO VOICES,2015-11,25
LATINO VOICES,2015-12,22
LATINO VOICES,2016-01,18
LATINO VOICES,2016-02,20
LATINO VOICES,2016-03,25
LATINO VOICES,2016-04,35
LATINO VOICES,2016-05,21
LATINO VOICES,2016-06,29
LATINO VOICES,2016-07,33
LATINO VOICES,2016-08,48
LATINO VOICES,2016-09,37
LATINO VOICES,2016-10,23
LATINO VOICES,2016-11,37
LATINO VOICES,2016-12,28
LATINO VOICES,2017-01,24
LATINO VOICES,2017-02,21
LATINO VOICES,2017-03,30
LATINO VOICES,2017-04,24
LATINO VOICES,2017-05,21
LATINO VOICES,2017-06,16
LATINO VOICES,2017-07,25
LATINO VOICES,2017-08,28
LATINO VOICES,2017-09,40
LATINO VOICES,2017-10,26
LATINO VOICES,2017-11,14
LATINO VOICES,2017-12,33
LATINO VOICES,2018-01,50
LATINO VOICES,2018-02,23
LATINO VOICES,2018-03,2
LATINO VOICES,2018-04,4
LATINO VOICES,2018-05,4
LATINO VOICES,2021-04,1
MEDIA,2014-04,25
MEDIA,2014-05,60
MEDIA,2014-06,58
MEDIA,2014-07,71
MEDIA,2014-08,66
MEDIA,2014-09,54
MEDIA,2014-10,58
MEDIA,2014-11,42
MEDIA,2014-12,52
MEDIA,2015-01,43
MEDIA,2015-02,54
MEDIA,2015-03,44
MEDIA,2015-04,41
MEDIA,2015-05,46
MEDIA,2015-06,45
MEDIA,2015-07,49
MEDIA,2015-08,104
MEDIA,2015-09,91
MEDIA,2015-10,116
MEDIA,2015-11,131
MEDIA,2015-12,101
MEDIA,2016-01,102
MEDIA,2016-02,34
MEDIA,2016-03,41
MEDIA,2016-04,24
MEDIA,2016-05,49
MEDIA,2016-06,40
MEDIA,2016-07,44
MEDIA,2016-08,41
MEDIA,2016-09,43
MEDIA,2016-10,45
MEDIA,2016-11,43
MEDIA,2016-12,32
MEDIA,2017-01,39
MEDIA,2017-02,38
MEDIA,2017-03,35
MEDIA,2017-04,57
MEDIA,2017-05,79
MEDIA,2017-06,52
MEDIA,2017-07,49
MEDIA,2017-08,54
MEDIA,2017-09,46
MEDIA,2017-10,56
MEDIA,2017-11,67
MEDIA,2017-12,61
MEDIA,2018-01,78
MEDIA,2018-02,57
MEDIA,2018-03,47
MEDIA,2018-04,75
MEDIA,2018-05,36
MEDIA,2018-06,1
MEDIA,2018-07,1
MEDIA,2018-08,1
MEDIA,2018-09,6
MEDIA,2018-10,7
MEDIA,2018-11,7
MEDIA,2018-12,7
MEDIA,2019-01,12
MEDIA,2019-02,12
MEDIA,2019-03,15
MEDIA,2019-04,2
MEDIA,2019-09,10
MEDIA,2019-10,11
MEDIA,2019-11,9
MEDIA,2019-12,2
MEDIA,2020-03,2
MEDIA,2020-04,2
MEDIA,2020-06,2
MEDIA,2020-08,1
MEDIA,2021-03,1
MEDIA,2021-05,2
MEDIA,2021-06,2
MEDIA,2021-07,2
MEDIA,2021-08,2
MEDIA,2021-11,1
MEDIA,2021-12,1
MEDIA,2022-01,1
MEDIA,2022-02,2
MEDIA,2022-03,2
MEDIA,2022-04,1
MEDIA,2022-06,1
MEDIA,2022-07,1
MONEY,2012-02,8
MONEY,2012-03,192
MONEY,2012-04,158
MONEY,2012-05,153
MONEY,2012-06,162
MONEY,2012-07,147
MONEY,2012-08,196
MONEY,2012-09,108
MONEY,2012-10,133
MONEY,2012-11,104
MONEY,2012-12,73
MONEY,2013-01,3
MONEY,2013-11,27
MONEY,2013-12,51
MONEY,2014-01,47
MONEY,2014-02,44
MONEY,2014-03,64
MONEY,2014-04,37
MONEY,2018-06,2
MONEY,2018-07,1
MONEY,2018-08,2
MONEY,2018-09,1
MONEY,2018-12,1
MONEY,2019-02,1
MONEY,2019-03,1
MONEY,2019-04,3
MONEY,2019-05,4
MONEY,2019-06,5
MONEY,2019-07,3
MONEY,2019-08,1
MONEY,2019-09,2
MONEY,2019-12,1
MONEY,2020-01,4
MONEY,2020-02,8
MONEY,2020-03,4
MONEY,2020-05,1
MONEY,2020-06,1
MONEY,2021-01,1
MONEY,2021-02,1
MONEY,2021-10,1
PARENTING,2012-01,27
PARENTING,2012-02,226
PARENTING,2012-03,227
PARENTING,2012-04,265
PARENTING,2012-05,302
PARENTING,2012-06,304
PARENTING,2012-07,274
PARENTING,2012-08,305
PARENTING,2012-09,283
PARENTING,2012-10,280
PARENTING,2012-11,306
PARENTING,2012-12,328
PARENTING,2013-01,444
PARENTING,2013-02,351
PARENTING,2013-03,407
PARENTING,2013-04,389
PARENTING,2013-05,359
PARENTING,2013-06,278
PARENTING,2013-07,324
PARENTING,2013-08,303
PARENTING,2013-09,328
PARENTING,2013-10,390
PARENTING,2013-11,284
PARENTING,2013-12,343
PARENTING,2014-01,366
PARENTING,2014-02,368
PARENTING,2014-03,380
PARENTING,2014-04,236
PARENTING,2018-10,1
PARENTING,2018-11,2
PARENTING,2019-01,1
PARENTING,2019-02,1
PARENTING,2019-04,1
PARENTING,2019-05,1
PARENTING,2019-10,4
PARENTING,2019-11,1
PARENTING,2019-12,1
PARENTING,2020-03,3
PARENTING,2020-04,8
PARENTING,2020-05,9
PARENTING,2020-06,7
PARENTING,2020-07,6
PARENTING,2020-08,6
PARENTING,2020-09,10
PARENTING,2020-10,5
PARENTING,2020-11,2
PARENTING,2020-12,2
PARENTING,2021-01,2
PARENTING,2021-02,1
PARENTING,2021-04,5
PARENTING,2021-05,1
PARENTING,2021-06,3
PARENTING,2021-07,1
PARENTING,2021-08,7
PARENTING,2021-09,4
PARENTING,2021-10,2
PARENTING,2021-12,1
PARENTING,2022-02,1
PARENTING,2022-05,5
PARENTING,2022-06,5
PARENTING,2022-07,2
PARENTING,2022-08,1
PARENTING,2022-09,2
PARENTS,2014-04,41
PARENTS,2014-05,153
PARENTS,2014-06,101
PARENTS,2014-07,89
PARENTS,2014-08,139
PARENTS,2014-09,112
PARENTS,2014-10,117
PARENTS,2014-11,99
PARENTS,2014-12,118
PARENTS,2015-01,75
PARENTS,2015-02,100
PARENTS,2015-03,114
PARENTS,2015-04,115
PARENTS,2015-05,134
PARENTS,2015-06,121
PARENTS,2015-07,62
PARENTS,2015-08,41
PARENTS,2015-09,40
PARENTS,2015-10,42
PARENTS,2015-11,41
PARENTS,2015-12,62
PARENTS,2016-01,57
PARENTS,2016-02,45
PARENTS,2016-03,47
PARENTS,2016-04,53
PARENTS,2016-05,53
PARENTS,2016-06,71
PARENTS,2016-07,49
PARENTS,2016-08,82
PARENTS,2016-09,58
PARENTS,2016-10,68
PARENTS,2016-11,75
PARENTS,2016-12,116
PARENTS,2017-01,102
PARENTS,2017-02,100
PARENTS,2017-03,110
PARENTS,2017-04,103
PARENTS,2017-05,129
PARENTS,2017-06,103
PARENTS,2017-07,113
PARENTS,2017-08,139
PARENTS,2017-09,108
PARENTS,2017-10,112
PARENTS,2017-11,62
PARENTS,2017-12,48
PARENTS,2018-01,35
PARENTS,2018-02,1
POLITICS,2014-04,133
POLITICS,2014-05,346
POLITICS,2014-06,379
POLITICS,2014-07,411
POLITICS,2014-08,400
POLITICS,2014-09,361
POLITICS,2014-10,379
POLITICS,2014-11,459
POLITICS,2014-12,314
POLITICS,2015-01,368
POLITICS,2015-02,312
POLITICS,2015-03,379
POLITICS,2015-04,374
POLITICS,2015-05,373
POLITICS,2015-06,401
POLITICS,2015-07,454
POLITICS,2015-08,573
POLITICS,2015-09,649
POLITICS,2015-10,778
POLITICS,2015-11,568
POLITICS,2015-12,658
POLITICS,2016-01,744
POLITICS,2016-02,921
POLITICS,2016-03,843
POLITICS,2016-04,794
POLITICS,2016-05,827
POLITICS,2016-06,759
POLITICS,2016-07,807
POLITICS,2016-08,674
POLITICS,2016-09,820
POLITICS,2016-10,1007
POLITICS,2016-11,1017
POLITICS,2016-12,777
POLITICS,2017-01,1046
POLITICS,2017-02,922
POLITICS,2017-03,960
POLITICS,2017-04,873
POLITICS,2017-05,991
POLITICS,2017-06,956
POLITICS,2017-07,883
POLITICS,2017-08,912
POLITICS,2017-09,765
POLITICS,2017-10,773
POLITICS,2017-11,772
POLITICS,2017-12,760
POLITICS,2018-01,708
POLITICS,2018-02,579
POLITICS,2018-03,697
POLITICS,2018-04,570
POLITICS,2018-05,513
POLITICS,2018-06,30
POLITICS,2018-07,23
POLITICS,2018-08,11
POLITICS,2018-09,40
POLITICS,2018-10,85
POLITICS,2018-11,66
POLITICS,2018-12,77
POLITICS,2019-01,65
POLITICS,2019-02,60
POLITICS,2019-03,75
POLITICS,2019-04,16
POLITICS,2019-05,26
POLITICS,2019-06,12
POLITICS,2019-07,4
POLITICS,2019-08,10
POLITICS,2019-09,33
POLITICS,2019-10,47
POLITICS,2019-11,65
POLITICS,2019-12,94
POLITICS,2020-01,29
POLITICS,2020-02,19
POLITICS,2020-03,34
POLITICS,2020-04,42
POLITICS,2020-05,74
POLITICS,2020-06,72
POLITICS,2020-07,86
POLITICS,2020-08,85
POLITICS,2020-09,80
POLITICS,2020-10,79
POLITICS,2020-11,107
POLITICS,2020-12,95
POLITICS,2021-01,133
POLITICS,2021-02,19
POLITICS,2021-03,26
POLITICS,2021-04,82
POLITICS,2021-05,109
POLITICS,2021-06,83
POLITICS,2021-07,86
POLITICS,2021-08,57
POLITICS,2021-09,61
POLITICS,2021-10,56
POLITICS,2021-11,60
POLITICS,2021-12,51
POLITICS,2022-01,58
POLITICS,2022-02,41
POLITICS,2022-03,46
POLITICS,2022-04,45
POLITICS,2022-05,44
POLITICS,2022-06,44
POLITICS,2022-07,48
POLITICS,2022-08,53
POLITICS,2022-09,20
QUEER VOICES,2012-01,8
QUEER VOICES,2012-02,43
QUEER VOICES,2012-03,28
QUEER VOICES,2012-04,40
QUEER VOICES,2012-05,60
QUEER VOICES,2012-06,33
QUEER VOICES,2012-07,51
QUEER VOICES,2012-08,21
QUEER VOICES,2012-09,42
QUEER VOICES,2012-10,52
QUEER VOICES,2012-11,35
QUEER VOICES,2012-12,61
QUEER VOICES,2013-01,51
QUEER VOICES,2013-02,55
QUEER VOICES,2013-03,53
QUEER VOICES,2013-04,36
QUEER VOICES,2013-05,47
QUEER VOICES,2013-06,76
QUEER VOICES,2013-07,44
QUEER VOICES,2013-08,66
QUEER VOICES,2013-09,50
QUEER VOICES,2013-10,64
QUEER VOICES,2013-11,63
QUEER VOICES,2013-12,76
QUEER VOICES,2014-01,54
QUEER VOICES,2014-02,43
QUEER VOICES,2014-03,52
QUEER VOICES,2014-04,57
QUEER VOICES,2014-05,100
QUEER VOICES,2014-06,113
QUEER VOICES,2014-07,84
QUEER VOICES,2014-08,89
QUEER VOICES,2014-09,85
QUEER VOICES,2014-10,98
QUEER VOICES,2014-11,99
QUEER VOICES,2014-12,97
QUEER VOICES,2015-01,95
QUEER VOICES,2015-02,99
QUEER VOICES,2015-03,90
QUEER VOICES,2015-04,102
QUEER VOICES,2015-05,88
QUEER VOICES,2015-06,125
QUEER VOICES,2015-07,112
QUEER VOICES,2015-08,94
QUEER VOICES,2015-09,95
QUEER VOICES,2015-10,81
QUEER VOICES,2015-11,85
QUEER VOICES,2015-12,72
QUEER VOICES,2016-01,65
QUEER VOICES,2016-02,74
QUEER VOICES,2016-03,84
QUEER VOICES,2016-04,95
QUEER VOICES,2016-05,106
QUEER VOICES,2016-06,138
QUEER VOICES,2016-07,94
QUEER VOICES,2016-08,104
QUEER VOICES,2016-09,100
QUEER VOICES,2016-10,97
QUEER VOICES,2016-11,95
QUEER VOICES,2016-12,113
QUEER VOICES,2017-01,120
QUEER VOICES,2017-02,121
QUEER VOICES,2017-03,99
QUEER VOICES,2017-04,100
QUEER VOICES,2017-05,108
QUEER VOICES,2017-06,175
QUEER VOICES,2017-07,134
QUEER VOICES,2017-08,137
QUEER VOICES,2017-09,105
QUEER VOICES,2017-10,143
QUEER VOICES,2017-11,96
QUEER VOICES,2017-12,96
QUEER VOICES,2018-01,102
QUEER VOICES,2018-02,90
QUEER VOICES,2018-03,109
QUEER VOICES,2018-04,79
QUEER VOICES,2018-05,71
QUEER VOICES,2018-06,2
QUEER VOICES,2018-07,4
QUEER VOICES,2018-09,1
QUEER VOICES,2018-10,3
QUEER VOICES,2018-11,4
QUEER VOICES,2019-01,1
QUEER VOICES,2019-02,2
QUEER VOICES,2019-03,1
QUEER VOICES,2019-05,1
QUEER VOICES,2019-10,1
QUEER VOICES,2019-12,4
QUEER VOICES,2020-05,1
QUEER VOICES,2020-06,1
QUEER VOICES,2020-08,1
QUEER VOICES,2020-09,1
QUEER VOICES,2020-12,1
QUEER VOICES,2021-06,2
QUEER VOICES,2022-05,1
QUEER VOICES,2022-07,1
RELIGION,2014-04,52
RELIGION,2014-05,81
RELIGION,2014-06,87
RELIGION,2014-07,111
RELIGION,2014-08,85
RELIGION,2014-09,79
RELIGION,2014-10,90
RELIGION,2014-11,90
RELIGION,2014-12,114
RELIGION,2015-01,115
RELIGION,2015-02,105
RELIGION,2015-03,85
RELIGION,2015-04,86
RELIGION,2015-05,79
RELIGION,2015-06,112
RELIGION,2015-07,94
RELIGION,2015-08,65
RELIGION,2015-09,88
RELIGION,2015-10,50
RELIGION,2015-11,28
RELIGION,2015-12,41
RELIGION,2016-01,18
RELIGION,2016-02,15
RELIGION,2016-03,27
RELIGION,2016-04,21
RELIGION,2016-05,30
RELIGION,2016-06,43
RELIGION,2016-07,45
RELIGION,2016-08,60
RELIGION,2016-09,39
RELIGION,2016-10,38
RELIGION,2016-11,42
RELIGION,2016-12,46
RELIGION,2017-01,45
RELIGION,2017-02,20
RELIGION,2017-03,14
RELIGION,2017-04,25
RELIGION,2017-05,24
RELIGION,2017-06,40
RELIGION,2017-07,27
RELIGION,2017-08,41
RELIGION,2017-09,36
RELIGION,2017-10,17
RELIGION,2017-11,25
RELIGION,2017-12,16
RELIGION,2018-01,20
RELIGION,2018-02,12
RELIGION,2018-03,13
RELIGION,2018-04,8
RELIGION,2018-05,12
RELIGION,2018-07,3
RELIGION,2018-08,1
RELIGION,2018-09,2
RELIGION,2018-10,1
RELIGION,2018-12,2
RELIGION,2019-02,3
RELIGION,2019-03,2
RELIGION,2019-05,1
RELIGION,2019-11,1
RELIGION,2019-12,3
RELIGION,2021-01,1
RELIGION,2021-10,1
SCIENCE,2012-01,6
SCIENCE,2012-02,31
SCIENCE,2012-03,30
SCIENCE,2012-04,24
SCIENCE,2012-05,31
SCIENCE,2012-06,29
SCIENCE,2012-07,34
SCIENCE,2012-08,32
SCIENCE,2012-09,32
SCIENCE,2012-10,21
SCIENCE,2012-11,37
SCIENCE,2012-12,40
SCIENCE,2013-01,37
SCIENCE,2013-02,28
SCIENCE,2013-03,34
SCIENCE,2013-04,28
SCIENCE,2013-05,30
SCIENCE,2013-06,27
SCIENCE,2013-07,33
SCIENCE,2013-08,30
SCIENCE,2013-09,27
SCIENCE,2013-10,21
SCIENCE,2013-11,29
SCIENCE,2013-12,36
SCIENCE,2014-01,34
SCIENCE,2014-02,31
SCIENCE,2014-03,17
SCIENCE,2014-04,24
SCIENCE,2014-05,46
SCIENCE,2014-06,51
SCIENCE,2014-07,44
SCIENCE,2014-08,57
SCIENCE,2014-09,35
SCIENCE,2014-10,45
SCIENCE,2014-11,27
SCIENCE,2014-12,36
SCIENCE,2015-01,33
SCIENCE,2015-02,45
SCIENCE,2015-03,34
SCIENCE,2015-04,38
SCIENCE,2015-05,35
SCIENCE,2015-06,31
SCIENCE,2015-07,38
SCIENCE,2015-08,57
SCIENCE,2015-09,36
SCIENCE,2015-10,45
SCIENCE,2015-11,53
SCIENCE,2015-12,61
SCIENCE,2016-01,65
SCIENCE,2016-02,49
SCIENCE,2016-03,59
SCIENCE,2016-04,45
SCIENCE,2016-05,23
SCIENCE,2016-06,26
SCIENCE,2016-07,25
SCIENCE,2016-08,19
SCIENCE,2016-09,26
SCIENCE,2016-10,19
SCIENCE,2016-11,14
SCIENCE,2016-12,13
SCIENCE,2017-01,6
SCIENCE,2017-02,6
SCIENCE,2017-03,9
SCIENCE,2017-04,12
SCIENCE,2017-05,9
SCIENCE,2017-06,9
SCIENCE,2017-07,10
SCIENCE,2017-08,13
SCIENCE,2017-09,5
SCIENCE,2017-10,7
SCIENCE,2017-11,3
SCIENCE,2017-12,6
SCIENCE,2018-01,7
SCIENCE,2018-02,7
SCIENCE,2018-03,11
SCIENCE,2018-04,9
SCIENCE,2018-05,6
SCIENCE,2018-10,2
SCIENCE,2018-11,4
SCIENCE,2018-12,1
SCIENCE,2019-02,1
SCIENCE,2020-04,1
SCIENCE,2020-08,1
SCIENCE,2020-10,1
SCIENCE,2021-01,1
SCIENCE,2021-02,2
SCIENCE,2021-03,1
SCIENCE,2021-04,1
SCIENCE,2021-06,1
SCIENCE,2021-07,1
SCIENCE,2021-10,1
SCIENCE,2021-11,1
SCIENCE,2021-12,1
SCIENCE,2022-01,2
SCIENCE,2022-07,3
SCIENCE,2022-08,1
SCIENCE,2022-09,1
SPORTS,2012-01,9
SPORTS,2012-02,9
SPORTS,2012-03,32
SPORTS,2012-04,11
SPORTS,2012-05,24
SPORTS,2012-06,14
SPORTS,2012-07,2
SPORTS,2012-08,5
SPORTS,2012-09,42
SPORTS,2012-10,49
SPORTS,2012-11,28
SPORTS,2012-12,46
SPORTS,2013-01,39
SPORTS,2013-02,34
SPORTS,2013-03,28
SPORTS,2013-04,1
SPORTS,2013-05,5
SPORTS,2013-06,7
SPORTS,2013-07,7
SPORTS,2013-08,33
SPORTS,2013-09,29
SPORTS,2013-10,41
SPORTS,2013-11,21
SPORTS,2013-12,24
SPORTS,2014-01,43
SPORTS,2014-02,44
SPORTS,2014-03,62
SPORTS,2014-04,64
SPORTS,2014-05,74
SPORTS,2014-06,136
SPORTS,2014-07,121
SPORTS,2014-08,80
SPORTS,2014-09,102
SPORTS,2014-10,71
SPORTS,2014-11,56
SPORTS,2014-12,56
SPORTS,2015-01,82
SPORTS,2015-02,41
SPORTS,2015-03,64
SPORTS,2015-04,64
SPORTS,2015-05,73
SPORTS,2015-06,70
SPORTS,2015-07,138
SPORTS,2015-08,162
SPORTS,2015-09,153
SPORTS,2015-10,168
SPORTS,2015-11,163
SPORTS,2015-12,159
SPORTS,2016-01,163
SPORTS,2016-02,128
SPORTS,2016-03,98
SPORTS,2016-04,84
SPORTS,2016-05,132
SPORTS,2016-06,145
SPORTS,2016-07,95
SPORTS,2016-08,248
SPORTS,2016-09,75
SPORTS,2016-10,69
SPORTS,2016-11,43
SPORTS,2016-12,44
SPORTS,2017-01,51
SPORTS,2017-02,54
SPORTS,2017-03,31
SPORTS,2017-04,38
SPORTS,2017-05,31
SPORTS,2017-06,21
SPORTS,2017-07,29
SPORTS,2017-08,31
SPORTS,2017-09,42
SPORTS,2017-10,29
SPORTS,2017-11,27
SPORTS,2017-12,26
SPORTS,2018-01,52
SPORTS,2018-02,236
SPORTS,2018-03,29
SPORTS,2018-04,31
SPORTS,2018-05,16
SPORTS,2018-06,4
SPORTS,2018-07,4
SPORTS,2018-09,1
SPORTS,2018-10,5
SPORTS,2018-11,3
SPORTS,2018-12,3
SPORTS,2019-01,1
SPORTS,2019-02,3
SPORTS,2019-03,2
SPORTS,2019-04,1
SPORTS,2019-07,1
SPORTS,2019-08,1
SPORTS,2019-09,1
SPORTS,2019-10,4
SPORTS,2019-11,4
SPORTS,2019-12,6
SPORTS,2020-01,2
SPORTS,2020-02,2
SPORTS,2020-03,1
SPORTS,2020-04,1
SPORTS,2020-06,3
SPORTS,2020-07,1
SPORTS,2020-08,2
SPORTS,2020-09,4
SPORTS,2020-10,1
SPORTS,2021-01,3
SPORTS,2021-02,3
SPORTS,2021-03,1
SPORTS,2021-05,2
SPORTS,2021-06,11
SPORTS,2021-07,17
SPORTS,2021-08,12
SPORTS,2021-11,5
SPORTS,2021-12,5
SPORTS,2022-01,7
SPORTS,2022-02,24
SPORTS,2022-03,7
SPORTS,2022-04,5
SPORTS,2022-05,5
SPORTS,2022-06,3
SPORTS,2022-07,6
SPORTS,2022-08,9
SPORTS,2022-09,7
STYLE,2014-04,34
STYLE,2014-05,71
STYLE,2014-06,60
STYLE,2014-07,54
STYLE,2014-08,75
STYLE,2014-09,71
STYLE,2014-10,54
STYLE,2014-11,48
STYLE,2014-12,64
STYLE,2015-01,73
STYLE,2015-02,69
STYLE,2015-03,58
STYLE,2015-04,50
STYLE,2015-05,45
STYLE,2015-06,54
STYLE,2015-07,80
STYLE,2015-08,42
STYLE,2015-09,52
STYLE,2015-10,52
STYLE,2015-11,49
STYLE,2015-12,54
STYLE,2016-01,66
STYLE,2016-02,64
STYLE,2016-03,42
STYLE,2016-04,39
STYLE,2016-05,40
STYLE,2016-06,39
STYLE,2016-07,28
STYLE,2016-08,34
STYLE,2016-09,36
STYLE,2016-10,40
STYLE,2016-11,26
STYLE,2016-12,27
STYLE,2017-01,47
STYLE,2017-02,61
STYLE,2017-03,34
STYLE,2017-04,28
STYLE,2017-05,32
STYLE,2017-06,35
STYLE,2017-07,35
STYLE,2017-08,27
STYLE,2017-09,56
STYLE,2017-10,60
STYLE,2017-11,69
STYLE,2017-12,46
STYLE,2018-01,34
STYLE & BEAUTY,2012-01,67
STYLE & BEAUTY,2012-02,643
STYLE & BEAUTY,2012-03,604
STYLE & BEAUTY,2012-04,557
STYLE & BEAUTY,2012-05,566
STYLE & BEAUTY,2012-06,433
STYLE & BEAUTY,2012-07,433
STYLE & BEAUTY,2012-08,492
STYLE & BEAUTY,2012-09,400
STYLE & BEAUTY,2012-10,360
STYLE & BEAUTY,2012-11,323
STYLE & BEAUTY,2012-12,315
STYLE & BEAUTY,2013-01,263
STYLE & BEAUTY,2013-02,315
STYLE & BEAUTY,2013-03,259
STYLE & BEAUTY,2013-04,317
STYLE & BEAUTY,2013-05,273
STYLE & BEAUTY,2013-06,258
STYLE & BEAUTY,2013-07,267
STYLE & BEAUTY,2013-08,264
STYLE & BEAUTY,2013-09,365
STYLE & BEAUTY,2013-10,313
STYLE & BEAUTY,2013-11,294
STYLE & BEAUTY,2013-12,294
STYLE & BEAUTY,2014-01,283
STYLE & BEAUTY,2014-02,266
STYLE & BEAUTY,2014-03,272
STYLE & BEAUTY,2014-04,153
STYLE & BEAUTY,2018-09,3
STYLE & BEAUTY,2018-10,1
STYLE & BEAUTY,2018-12,5
STYLE & BEAUTY,2019-01,1
STYLE & BEAUTY,2019-02,5
STYLE & BEAUTY,2019-03,5
STYLE & BEAUTY,2019-04,1
STYLE & BEAUTY,2019-05,1
STYLE & BEAUTY,2019-07,2
STYLE & BEAUTY,2019-09,2
STYLE & BEAUTY,2019-10,3
STYLE & BEAUTY,2019-11,2
STYLE & BEAUTY,2019-12,12
STYLE & BEAUTY,2020-03,5
STYLE & BEAUTY,2020-04,15
STYLE & BEAUTY,2020-05,9
STYLE & BEAUTY,2020-06,7
STYLE & BEAUTY,2020-07,9
STYLE & BEAUTY,2020-08,6
STYLE & BEAUTY,2020-09,5
STYLE & BEAUTY,2020-10,9
STYLE & BEAUTY,2020-11,5
STYLE & BEAUTY,2020-12,5
STYLE & BEAUTY,2021-01,1
STYLE & BEAUTY,2021-04,5
STYLE & BEAUTY,2021-05,1
STYLE & BEAUTY,2021-07,3
STYLE & BEAUTY,2021-08,7
STYLE & BEAUTY,2021-09,4
STYLE & BEAUTY,2021-10,5
STYLE & BEAUTY,2021-11,2
STYLE & BEAUTY,2021-12,4
STYLE & BEAUTY,2022-01,6
STYLE & BEAUTY,2022-03,1
STYLE & BEAUTY,2022-04,3
STYLE & BEAUTY,2022-05,1
STYLE & BEAUTY,2022-06,2
STYLE & BEAUTY,2022-07,1
STYLE & BEAUTY,2022-08,1
TASTE,2014-04,24
TASTE,2014-05,58
TASTE,2014-06,61
TASTE,2014-07,62
TASTE,2014-08,47
TASTE,2014-09,73
TASTE,2014-10,66
TASTE,2014-11,60
TASTE,2014-12,70
TASTE,2015-01,63
TASTE,2015-02,50
TASTE,2015-03,59
TASTE,2015-04,62
TASTE,2015-05,73
TASTE,2015-06,65
TASTE,2015-07,57
TASTE,2015-08,29
TASTE,2015-09,32
TASTE,2015-10,43
TASTE,2015-11,44
TASTE,2015-12,48
TASTE,2016-01,26
TASTE,2016-02,31
TASTE,2016-03,28
TASTE,2016-04,22
TASTE,2016-05,27
TASTE,2016-06,44
TASTE,2016-07,41
TASTE,2016-08,51
TASTE,2016-09,46
TASTE,2016-10,24
TASTE,2016-11,24
TASTE,2016-12,45
TASTE,2017-01,48
TASTE,2017-02,36
TASTE,2017-03,52
TASTE,2017-04,44
TASTE,2017-05,35
TASTE,2017-06,55
TASTE,2017-07,57
TASTE,2017-08,55
TASTE,2017-09,44
TASTE,2017-10,43
TASTE,2017-11,36
TASTE,2017-12,27
TASTE,2018-01,9
TECH,2012-01,10
TECH,2012-02,39
TECH,2012-03,39
TECH,2012-04,32
TECH,2012-05,27
TECH,2012-06,42
TECH,2012-07,46
TECH,2012-08,32
TECH,2012-09,44
TECH,2012-10,43
TECH,2012-11,41
TECH,2012-12,47
TECH,2013-01,39
TECH,2013-02,35
TECH,2013-03,29
TECH,2013-04,21
TECH,2013-05,27
TECH,2013-06,24
TECH,2013-07,23
TECH,2013-08,17
TECH,2013-09,28
TECH,2013-10,24
TECH,2013-11,33
TECH,2013-12,33
TECH,2014-01,23
TECH,2014-02,29
TECH,2014-03,15
TECH,2014-04,9
TECH,2015-07,66
TECH,2015-08,70
TECH,2015-09,64
TECH,2015-10,92
TECH,2015-11,78
TECH,2015-12,101
TECH,2016-01,76
TECH,2016-02,71
TECH,2016-03,94
TECH,2016-04,83
TECH,2016-05,49
TECH,2016-06,52
TECH,2016-07,62
TECH,2016-08,12
TECH,2016-09,16
TECH,2016-10,20
TECH,2016-11,19
TECH,2016-12,24
TECH,2017-01,9
TECH,2017-02,9
TECH,2017-03,15
TECH,2017-04,16
TECH,2017-05,7
TECH,2017-06,12
TECH,2017-07,9
TECH,2017-08,8
TECH,2017-09,7
TECH,2017-10,8
TECH,2017-11,15
TECH,2017-12,12
TECH,2018-01,11
TECH,2018-02,7
TECH,2018-03,7
TECH,2018-04,10
TECH,2018-05,20
TECH,2018-06,1
TECH,2018-10,1
TECH,2018-11,1
TECH,2019-01,1
TECH,2019-02,4
TECH,2019-03,1
TECH,2019-05,1
TECH,2019-10,2
TECH,2021-11,1
TECH,2022-02,1
TECH,2022-04,2
TECH,2022-05,1
TECH,2022-06,2
TECH,2022-09,3
THE WORLDPOST,2015-07,55
THE WORLDPOST,2015-08,84
THE WORLDPOST,2015-09,71
THE WORLDPOST,2015-10,77
THE WORLDPOST,2015-11,129
THE WORLDPOST,2015-12,96
THE WORLDPOST,2016-01,74
THE WORLDPOST,2016-02,82
THE WORLDPOST,2016-03,126
THE WORLDPOST,2016-04,105
THE WORLDPOST,2016-05,176
THE WORLDPOST,2016-06,185
THE WORLDPOST,2016-07,227
THE WORLDPOST,2016-08,234
THE WORLDPOST,2016-09,206
THE WORLDPOST,2016-10,210
THE WORLDPOST,2016-11,197
THE WORLDPOST,2016-12,249
THE WORLDPOST,2017-01,212
THE WORLDPOST,2017-02,176
THE WORLDPOST,2017-03,210
THE WORLDPOST,2017-04,257
THE WORLDPOST,2017-05,160
THE WORLDPOST,2017-06,20
THE WORLDPOST,2017-07,14
THE WORLDPOST,2017-08,11
THE WORLDPOST,2017-09,20
THE WORLDPOST,2017-10,1
TRAVEL,2012-01,37
TRAVEL,2012-02,239
TRAVEL,2012-03,280
TRAVEL,2012-04,262
TRAVEL,2012-05,259
TRAVEL,2012-06,263
TRAVEL,2012-07,358
TRAVEL,2012-08,334
TRAVEL,2012-09,293
TRAVEL,2012-10,295
TRAVEL,2012-11,311
TRAVEL,2012-12,298
TRAVEL,2013-01,288
TRAVEL,2013-02,236
TRAVEL,2013-03,284
TRAVEL,2013-04,255
TRAVEL,2013-05,250
TRAVEL,2013-06,275
TRAVEL,2013-07,285
TRAVEL,2013-08,328
TRAVEL,2013-09,257
TRAVEL,2013-10,337
TRAVEL,2013-11,272
TRAVEL,2013-12,317
TRAVEL,2014-01,357
TRAVEL,2014-02,276
TRAVEL,2014-03,308
TRAVEL,2014-04,228
TRAVEL,2014-05,122
TRAVEL,2014-06,103
TRAVEL,2014-07,88
TRAVEL,2014-08,93
TRAVEL,2014-09,61
TRAVEL,2014-10,63
TRAVEL,2014-11,79
TRAVEL,2014-12,83
TRAVEL,2015-01,56
TRAVEL,2015-02,70
TRAVEL,2015-03,104
TRAVEL,2015-04,92
TRAVEL,2015-05,96
TRAVEL,2015-06,89
TRAVEL,2015-07,41
TRAVEL,2015-08,26
TRAVEL,2015-09,11
TRAVEL,2015-10,17
TRAVEL,2015-11,27
TRAVEL,2015-12,33
TRAVEL,2016-01,27
TRAVEL,2016-02,23
TRAVEL,2016-03,35
TRAVEL,2016-04,36
TRAVEL,2016-05,48
TRAVEL,2016-06,47
TRAVEL,2016-07,39
TRAVEL,2016-08,38
TRAVEL,2016-09,42
TRAVEL,2016-10,36
TRAVEL,2016-11,25
TRAVEL,2016-12,37
TRAVEL,2017-01,16
TRAVEL,2017-02,14
TRAVEL,2017-03,24
TRAVEL,2017-04,43
TRAVEL,2017-05,14
TRAVEL,2017-06,16
TRAVEL,2017-07,26
TRAVEL,2017-08,26
TRAVEL,2017-09,10
TRAVEL,2017-10,23
TRAVEL,2017-11,27
TRAVEL,2017-12,7
TRAVEL,2018-01,12
TRAVEL,2018-02,12
TRAVEL,2018-03,25
TRAVEL,2018-04,12
TRAVEL,2018-05,11
TRAVEL,2019-01,1
TRAVEL,2019-02,1
TRAVEL,2019-09,1
TRAVEL,2019-10,1
TRAVEL,2020-05,1
TRAVEL,2020-06,1
TRAVEL,2020-08,1
TRAVEL,2021-04,1
TRAVEL,2021-08,1
TRAVEL,2021-10,1
TRAVEL,2021-12,1
TRAVEL,2022-02,1
TRAVEL,2022-04,1
U.S. NEWS,2018-05,11
U.S. NEWS,2018-06,36
U.S. NEWS,2018-07,34
U.S. NEWS,2018-08,50
U.S. NEWS,2018-09,26
U.S. NEWS,2018-10,1
U.S. NEWS,2018-11,1
U.S. NEWS,2018-12,10
U.S. NEWS,2019-01,8
U.S. NEWS,2019-02,2
U.S. NEWS,2019-03,24
U.S. NEWS,2019-04,63
U.S. NEWS,2019-05,58
U.S. NEWS,2019-06,81
U.S. NEWS,2019-07,92
U.S. NEWS,2019-08,83
U.S. NEWS,2019-09,43
U.S. NEWS,2019-10,5
U.S. NEWS,2019-11,2
U.S. NEWS,2019-12,6
U.S. NEWS,2020-01,46
U.S. NEWS,2020-02,65
U.S. NEWS,2020-03,33
U.S. NEWS,2020-04,6
U.S. NEWS,2020-05,4
U.S. NEWS,2020-06,2
U.S. NEWS,2020-07,2
U.S. NEWS,2020-08,17
U.S. NEWS,2020-09,11
U.S. NEWS,2020-10,7
U.S. NEWS,2020-11,1
U.S. NEWS,2020-12,3
U.S. NEWS,2021-01,3
U.S. NEWS,2021-02,61
U.S. NEWS,2021-03,83
U.S. NEWS,2021-04,8
U.S. NEWS,2021-05,7
U.S. NEWS,2021-06,22
U.S. NEWS,2021-07,17
U.S. NEWS,2021-08,16
U.S. NEWS,2021-09,14
U.S. NEWS,2021-10,14
U.S. NEWS,2021-11,28
U.S. NEWS,2021-12,30
U.S. NEWS,2022-01,11
U.S. NEWS,2022-02,29
U.S. NEWS,2022-03,39
U.S. NEWS,2022-04,20
U.S. NEWS,2022-05,29
U.S. NEWS,2022-06,17
U.S. NEWS,2022-07,28
U.S. NEWS,2022-08,32
U.S. NEWS,2022-09,36
WEDDINGS,2012-01,15
WEDDINGS,2012-02,143
WEDDINGS,2012-03,131
WEDDINGS,2012-04,138
WEDDINGS,2012-05,156
WEDDINGS,2012-06,133
WEDDINGS,2012-07,138
WEDDINGS,2012-08,153
WEDDINGS,2012-09,116
WEDDINGS,2012-10,129
WEDDINGS,2012-11,120
WEDDINGS,2012-12,121
WEDDINGS,2013-01,125
WEDDINGS,2013-02,114
WEDDINGS,2013-03,150
WEDDINGS,2013-04,185
WEDDINGS,2013-05,225
WEDDINGS,2013-06,188
WEDDINGS,2013-07,171
WEDDINGS,2013-08,154
WEDDINGS,2013-09,116
WEDDINGS,2013-10,105
WEDDINGS,2013-11,110
WEDDINGS,2013-12,112
WEDDINGS,2014-01,106
WEDDINGS,2014-02,105
WEDDINGS,2014-03,120
WEDDINGS,2014-04,72
WEDDINGS,2018-09,1
WEDDINGS,2019-10,1
WEIRD NEWS,2014-04,17
WEIRD NEWS,2014-05,37
WEIRD NEWS,2014-06,32
WEIRD NEWS,2014-07,35
WEIRD NEWS,2014-08,51
WEIRD NEWS,2014-09,38
WEIRD NEWS,2014-10,37
WEIRD NEWS,2014-11,37
WEIRD NEWS,2014-12,29
WEIRD NEWS,2015-01,50
WEIRD NEWS,2015-02,23
WEIRD NEWS,2015-03,26
WEIRD NEWS,2015-04,33
WEIRD NEWS,2015-05,21
WEIRD NEWS,2015-06,25
WEIRD NEWS,2015-07,61
WEIRD NEWS,2015-08,110
WEIRD NEWS,2015-09,118
WEIRD NEWS,2015-10,121
WEIRD NEWS,2015-11,106
WEIRD NEWS,2015-12,107
WEIRD NEWS,2016-01,108
WEIRD NEWS,2016-02,84
WEIRD NEWS,2016-03,77
WEIRD NEWS,2016-04,79
WEIRD NEWS,2016-05,78
WEIRD NEWS,2016-06,64
WEIRD NEWS,2016-07,88
WEIRD NEWS,2016-08,48
WEIRD NEWS,2016-09,50
WEIRD NEWS,2016-10,58
WEIRD NEWS,2016-11,52
WEIRD NEWS,2016-12,84
WEIRD NEWS,2017-01,54
WEIRD NEWS,2017-02,55
WEIRD NEWS,2017-03,60
WEIRD NEWS,2017-04,50
WEIRD NEWS,2017-05,44
WEIRD NEWS,2017-06,11
WEIRD NEWS,2017-07,27
WEIRD NEWS,2017-08,19
WEIRD NEWS,2017-09,23
WEIRD NEWS,2017-10,35
WEIRD NEWS,2017-11,51
WEIRD NEWS,2017-12,51
WEIRD NEWS,2018-01,52
WEIRD NEWS,2018-02,32
WEIRD NEWS,2018-03,36
WEIRD NEWS,2018-04,48
WEIRD NEWS,2018-05,38
WEIRD NEWS,2018-06,1
WEIRD NEWS,2018-09,1
WEIRD NEWS,2018-10,10
WEIRD NEWS,2018-11,1
WEIRD NEWS,2018-12,6
WEIRD NEWS,2019-01,6
WEIRD NEWS,2019-02,2
WEIRD NEWS,2019-03,2
WEIRD NEWS,2019-09,1
WEIRD NEWS,2019-10,4
WEIRD NEWS,2019-11,3
WEIRD NEWS,2019-12,2
WEIRD NEWS,2020-03,2
WEIRD NEWS,2020-04,4
WEIRD NEWS,2020-05,4
WEIRD NEWS,2020-06,1
WEIRD NEWS,2020-07,1
WEIRD NEWS,2020-10,3
WEIRD NEWS,2020-11,3
WEIRD NEWS,2020-12,9
WEIRD NEWS,2021-01,1
WEIRD NEWS,2021-04,7
WEIRD NEWS,2021-05,1
WEIRD NEWS,2021-06,3
WEIRD NEWS,2021-07,2
WEIRD NEWS,2021-08,2
WEIRD NEWS,2021-09,3
WEIRD NEWS,2021-10,2
WEIRD NEWS,2021-11,2
WEIRD NEWS,2021-12,2
WEIRD NEWS,2022-01,1
WEIRD NEWS,2022-02,1
WEIRD NEWS,2022-03,1
WEIRD NEWS,2022-04,1
WEIRD NEWS,2022-05,2
WEIRD NEWS,2022-07,2
WEIRD NEWS,2022-08,6
WEIRD NEWS,2022-09,2
WELLNESS,2012-01,51
WELLNESS,2012-02,562
WELLNESS,2012-03,592
WELLNESS,2012-04,601
WELLNESS,2012-05,641
WELLNESS,2012-06,714
WELLNESS,2012-07,693
WELLNESS,2012-08,675
WELLNESS,2012-09,648
WELLNESS,2012-10,692
WELLNESS,2012-11,618
WELLNESS,2012-12,651
WELLNESS,2013-01,712
WELLNESS,2013-02,610
WELLNESS,2013-03,679
WELLNESS,2013-04,703
WELLNESS,2013-05,633
WELLNESS,2013-06,603
WELLNESS,2013-07,641
WELLNESS,2013-08,595
WELLNESS,2013-09,674
WELLNESS,2013-10,726
WELLNESS,2013-11,707
WELLNESS,2013-12,746
WELLNESS,2014-01,774
WELLNESS,2014-02,704
WELLNESS,2014-03,748
WELLNESS,2014-04,434
WELLNESS,2018-10,2
WELLNESS,2018-12,1
WELLNESS,2019-02,2
WELLNESS,2019-12,1
WELLNESS,2020-03,7
WELLNESS,2020-04,11
WELLNESS,2020-05,7
WELLNESS,2020-06,11
WELLNESS,2020-07,7
WELLNESS,2020-08,8
WELLNESS,2020-09,4
WELLNESS,2020-10,3
WELLNESS,2020-11,5
WELLNESS,2020-12,4
WELLNESS,2021-01,1
WELLNESS,2021-04,3
WELLNESS,2021-06,1
WELLNESS,2021-08,3
WELLNESS,2021-09,1
WELLNESS,2021-10,6
WELLNESS,2021-11,1
WELLNESS,2021-12,5
WELLNESS,2022-01,8
WELLNESS,2022-03,1
WELLNESS,2022-04,1
WELLNESS,2022-05,3
WELLNESS,2022-06,4
WELLNESS,2022-07,3
WELLNESS,2022-08,4
WOMEN,2014-04,42
WOMEN,2014-05,103
WOMEN,2014-06,100
WOMEN,2014-07,91
WOMEN,2014-08,90
WOMEN,2014-09,70
WOMEN,2014-10,116
WOMEN,2014-11,76
WOMEN,2014-12,92
WOMEN,2015-01,54
WOMEN,2015-02,85
WOMEN,2015-03,90
WOMEN,2015-04,88
WOMEN,2015-05,111
WOMEN,2015-06,75
WOMEN,2015-07,51
WOMEN,2015-08,42
WOMEN,2015-09,48
WOMEN,2015-10,40
WOMEN,2015-11,41
WOMEN,2015-12,39
WOMEN,2016-01,46
WOMEN,2016-02,71
WOMEN,2016-03,67
WOMEN,2016-04,67
WOMEN,2016-05,81
WOMEN,2016-06,78
WOMEN,2016-07,42
WOMEN,2016-08,55
WOMEN,2016-09,53
WOMEN,2016-10,79
WOMEN,2016-11,61
WOMEN,2016-12,79
WOMEN,2017-01,116
WOMEN,2017-02,50
WOMEN,2017-03,104
WOMEN,2017-04,96
WOMEN,2017-05,73
WOMEN,2017-06,62
WOMEN,2017-07,59
WOMEN,2017-08,75
WOMEN,2017-09,58
WOMEN,2017-10,101
WOMEN,2017-11,68
WOMEN,2017-12,60
WOMEN,2018-01,78
WOMEN,2018-02,33
WOMEN,2018-03,61
WOMEN,2018-04,44
WOMEN,2018-05,29
WOMEN,2018-06,3
WOMEN,2018-09,2
WOMEN,2018-10,2
WOMEN,2018-11,3
WOMEN,2018-12,2
WOMEN,2019-01,9
WOMEN,2019-02,5
WOMEN,2019-03,2
WOMEN,2019-10,11
WOMEN,2019-11,10
WOMEN,2019-12,1
WOMEN,2020-03,2
WOMEN,2020-05,1
WOMEN,2020-08,2
WOMEN,2020-09,5
WOMEN,2020-10,4
WOMEN,2020-11,2
WOMEN,2020-12,1
WOMEN,2021-07,1
WOMEN,2021-08,2
WOMEN,2021-09,2
WOMEN,2021-10,4
WOMEN,2021-12,1
WOMEN,2022-05,2
WOMEN,2022-06,2
WOMEN,2022-07,1
WORLD NEWS,2017-04,1
WORLD NEWS,2017-05,107
WORLD NEWS,2017-06,310
WORLD NEWS,2017-07,264
WORLD NEWS,2017-08,220
WORLD NEWS,2017-09,211
WORLD NEWS,2017-10,171
WORLD NEWS,2017-11,176
WORLD NEWS,2017-12,152
WORLD NEWS,2018-01,157
WORLD NEWS,2018-02,113
WORLD NEWS,2018-03,120
WORLD NEWS,2018-04,103
WORLD NEWS,2018-05,84
WORLD NEWS,2018-06,41
WORLD NEWS,2018-07,75
WORLD NEWS,2018-08,58
WORLD NEWS,2018-09,33
WORLD NEWS,2018-10,1
WORLD NEWS,2018-11,2
WORLD NEWS,2018-12,5
WORLD NEWS,2019-01,6
WORLD NEWS,2019-02,1
WORLD NEWS,2019-03,10
WORLD NEWS,2019-04,55
WORLD NEWS,2019-05,36
WORLD NEWS,2019-06,55
WORLD NEWS,2019-07,51
WORLD NEWS,2019-08,66
WORLD NEWS,2019-09,44
WORLD NEWS,2019-10,12
WORLD NEWS,2019-11,7
WORLD NEWS,2019-12,7
WORLD NEWS,2020-01,67
WORLD NEWS,2020-02,36
WORLD NEWS,2020-03,18
WORLD NEWS,2020-04,3
WORLD NEWS,2020-05,1
WORLD NEWS,2020-06,1
WORLD NEWS,2020-08,9
WORLD NEWS,2020-09,3
WORLD NEWS,2020-10,4
WORLD NEWS,2020-11,3
WORLD NEWS,2020-12,2
WORLD NEWS,2021-01,1
WORLD NEWS,2021-02,48
WORLD NEWS,2021-03,42
WORLD NEWS,2021-04,8
WORLD NEWS,2021-05,15
WORLD NEWS,2021-06,8
WORLD NEWS,2021-07,6
WORLD NEWS,2021-08,10
WORLD NEWS,2021-09,12
WORLD NEWS,2021-10,9
WORLD NEWS,2021-11,27
WORLD NEWS,2021-12,12
WORLD NEWS,2022-01,9
WORLD NEWS,2022-02,32
WORLD NEWS,2022-03,43
WORLD NEWS,2022-04,34
WORLD NEWS,2022-05,29
WORLD NEWS,2022-06,4
WORLD NEWS,2022-07,5
WORLD NEWS,2022-08,21
WORLD NEWS,2022-09,23
WORLDPOST,2014-04,62
WORLDPOST,2014-05,116
WORLDPOST,2014-06,109
WORLDPOST,2014-07,179
WORLDPOST,2014-08,153
WORLDPOST,2014-09,167
WORLDPOST,2014-10,148
WORLDPOST,2014-11,128
WORLDPOST,2014-12,142
WORLDPOST,2015-01,210
WORLDPOST,2015-02,151
WORLDPOST,2015-03,178
WORLDPOST,2015-04,138
WORLDPOST,2015-05,156
WORLDPOST,2015-06,165
WORLDPOST,2015-07,67
WORLDPOST,2015-08,19
WORLDPOST,2015-09,13
WORLDPOST,2015-10,13
WORLDPOST,2015-11,11
WORLDPOST,2015-12,10
WORLDPOST,2016-01,18
WORLDPOST,2016-02,14
WORLDPOST,2016-03,18
WORLDPOST,2016-04,26
WORLDPOST,2016-05,27
WORLDPOST,2016-06,15
WORLDPOST,2016-07,21
WORLDPOST,2016-08,17
WORLDPOST,2016-09,25
WORLDPOST,2016-10,15
WORLDPOST,2016-11,13
WORLDPOST,2016-12,17
WORLDPOST,2017-01,11
WORLDPOST,2017-02,7
